C:\Users\nickk\source\image-rating\heic\2025-09-01 Sedona by iPhone 3906.jpg,Other|vehicles|car^People
C:\Users\nickk\source\image-rating\heic\2025-09-01 Sedona by iPhone 3907.jpg,Other|vehicles|car^People
C:\Users\nickk\source\image-rating\heic\2025-09-01 Sedona by iPhone 3908.jpg,People
C:\Users\nickk\source\image-rating\heic\2025-09-01 Sedona by iPhone 3909.jpg,
C:\Users\nickk\source\image-rating\heic\2025-09-01 Sedona by iPhone 3910.jpg,People
C:\Users\nickk\source\image-rating\heic\2025-09-01 Sedona by iPhone 3911.jpg,People
C:\Users\nickk\source\image-rating\heic\2025-09-01 Sedona by iPhone 3912.jpg,Other|vehicles|airplane
C:\Users\nickk\source\image-rating\heic\2025-09-01 Sedona by iPhone 3913.jpg,
C:\Users\nickk\source\image-rating\heic\2025-09-01 Sedona by iPhone 3914.jpg,People
C:\Users\nickk\source\image-rating\heic\2025-09-01 Sedona by iPhone 3915.jpg,Other|vehicles|car^People
C:\Users\nickk\source\image-rating\heic\2025-09-01 Sedona by iPhone 3916.jpg,Other|vehicles|car
C:\Users\nickk\source\image-rating\heic\2025-09-01 Sedona by iPhone 3917.jpg,People
C:\Users\nickk\source\image-rating\heic\2025-09-01 Sedona by iPhone 3918.jpg,People
C:\Users\nickk\source\image-rating\heic\2025-09-01 Sedona by iPhone 3919.jpg,
C:\Users\nickk\source\image-rating\heic\2025-09-01 Sedona by iPhone 3920.jpg,
C:\Users\nickk\source\image-rating\heic\2025-09-01 Sedona by iPhone 3921.jpg,
C:\Users\nickk\source\image-rating\heic\2025-09-01 Sedona by iPhone 3922.jpg,
C:\Users\nickk\source\image-rating\heic\2025-09-01 Sedona by iPhone 3923.jpg,
C:\Users\nickk\source\image-rating\heic\2025-09-01 Sedona by iPhone 3924.jpg,
C:\Users\nickk\source\image-rating\heic\2025-09-01 Sedona by iPhone 3925.jpg,
C:\Users\nickk\source\image-rating\heic\2025-09-01 Sedona by iPhone 3926.jpg,
C:\Users\nickk\source\image-rating\heic\2025-09-01 Sedona by iPhone 3927.jpg,
C:\Users\nickk\source\image-rating\heic\2025-09-01 Sedona by iPhone 3928.jpg,
C:\Users\nickk\source\image-rating\heic\2025-09-01 Sedona by iPhone 3929.jpg,
C:\Users\nickk\source\image-rating\heic\2025-09-01 Sedona by iPhone 3930.jpg,
C:\Users\nickk\source\image-rating\heic\2025-09-01 Sedona by iPhone 3931.jpg,Other|animals|bird
C:\Users\nickk\source\image-rating\heic\2025-09-01 Sedona by iPhone 3932.jpg,
C:\Users\nickk\source\image-rating\heic\2025-09-01 Sedona by iPhone 3933.jpg,Other|vehicles|car
C:\Users\nickk\source\image-rating\heic\2025-09-01 Sedona by iPhone 3934.jpg,
C:\Users\nickk\source\image-rating\heic\2025-09-01 Sedona by iPhone 3935.jpg,
C:\Users\nickk\source\image-rating\heic\2025-09-01 Sedona by iPhone 3936.jpg,
C:\Users\nickk\source\image-rating\heic\2025-09-01 Sedona by iPhone 3937.jpg,
C:\Users\nickk\source\image-rating\heic\2025-09-01 Sedona by iPhone 3938.jpg,
C:\Users\nickk\source\image-rating\heic\2025-09-01 Sedona by iPhone 3939.jpg,
C:\Users\nickk\source\image-rating\heic\2025-09-01 Sedona by iPhone 3940.jpg,
C:\Users\nickk\source\image-rating\heic\2025-09-01 Sedona by iPhone 3941.jpg,
C:\Users\nickk\source\image-rating\heic\2025-09-01 Sedona by iPhone 3942.jpg,
C:\Users\nickk\source\image-rating\heic\2025-09-01 Sedona by iPhone 3943.jpg,
C:\Users\nickk\source\image-rating\heic\2025-09-01 Sedona by iPhone 3944.jpg,
C:\Users\nickk\source\image-rating\heic\2025-09-01 Sedona by iPhone 3945.jpg,
C:\Users\nickk\source\image-rating\heic\2025-09-01 Sedona by iPhone 3946.jpg,People
C:\Users\nickk\source\image-rating\heic\2025-09-01 Sedona by iPhone 3947.jpg,People
C:\Users\nickk\source\image-rating\heic\2025-09-01 Sedona by iPhone 3948.jpg,
C:\Users\nickk\source\image-rating\heic\2025-09-01 Sedona by iPhone 3949.jpg,
C:\Users\nickk\source\image-rating\heic\2025-09-01 Sedona by iPhone 3950.jpg,People
C:\Users\nickk\source\image-rating\heic\2025-09-01 Sedona by iPhone 3951.jpg,
C:\Users\nickk\source\image-rating\heic\2025-09-01 Sedona by iPhone 3952.jpg,
C:\Users\nickk\source\image-rating\heic\2025-09-01 Sedona by iPhone 3953.jpg,
C:\Users\nickk\source\image-rating\heic\2025-09-01 Sedona by iPhone 3954.jpg,
C:\Users\nickk\source\image-rating\heic\2025-09-01 Sedona by iPhone 3955.jpg,
C:\Users\nickk\source\image-rating\heic\2025-09-01 Sedona by iPhone 3956.jpg,
C:\Users\nickk\source\image-rating\heic\2025-09-01 Sedona by iPhone 3957.jpg,
C:\Users\nickk\source\image-rating\heic\2025-09-01 Sedona by iPhone 3958.jpg,
C:\Users\nickk\source\image-rating\heic\2025-09-01 Sedona by iPhone 3959.jpg,
C:\Users\nickk\source\image-rating\heic\2025-09-01 Sedona by iPhone 3960.jpg,Other|animals|cow^People
C:\Users\nickk\source\image-rating\heic\2025-09-01 Sedona by iPhone 3961.jpg,People
C:\Users\nickk\source\image-rating\heic\2025-09-01 Sedona by iPhone 3962.jpg,People
C:\Users\nickk\source\image-rating\heic\2025-09-01 Sedona by iPhone 3963.jpg,People
C:\Users\nickk\source\image-rating\heic\2025-09-01 Sedona by iPhone 3964.jpg,People
C:\Users\nickk\source\image-rating\heic\2025-09-01 Sedona by iPhone 3965.jpg,People
C:\Users\nickk\source\image-rating\heic\2025-09-01 Sedona by iPhone 3966.jpg,People
C:\Users\nickk\source\image-rating\heic\2025-09-01 Sedona by iPhone 3967.jpg,People
C:\Users\nickk\source\image-rating\heic\2025-09-01 Sedona by iPhone 3968.jpg,People
C:\Users\nickk\source\image-rating\heic\2025-09-01 Sedona by iPhone 3969.jpg,People
C:\Users\nickk\source\image-rating\heic\2025-09-01 Sedona by iPhone 3970.jpg,People
C:\Users\nickk\source\image-rating\heic\2025-09-01 Sedona by iPhone 3971.jpg,People
C:\Users\nickk\source\image-rating\heic\2025-09-01 Sedona by iPhone 3972.jpg,People
C:\Users\nickk\source\image-rating\heic\2025-09-01 Sedona by iPhone 3973.jpg,People
C:\Users\nickk\source\image-rating\heic\2025-09-01 Sedona by iPhone 3974.jpg,People
C:\Users\nickk\source\image-rating\heic\2025-09-01 Sedona by iPhone 3975.jpg,People
C:\Users\nickk\source\image-rating\heic\2025-09-01 Sedona by iPhone 3976.jpg,People
C:\Users\nickk\source\image-rating\heic\2025-09-01 Sedona by iPhone 3977.jpg,People
C:\Users\nickk\source\image-rating\heic\2025-09-01 Sedona by iPhone 3978.jpg,
C:\Users\nickk\source\image-rating\heic\2025-09-01 Sedona by iPhone 3979.jpg,
C:\Users\nickk\source\image-rating\heic\2025-09-01 Sedona by iPhone 3980.jpg,
C:\Users\nickk\source\image-rating\heic\2025-09-01 Sedona by iPhone 3981.jpg,
C:\Users\nickk\source\image-rating\heic\2025-09-01 Sedona by iPhone 3982.jpg,People
C:\Users\nickk\source\image-rating\heic\2025-09-01 Sedona by iPhone 3983.jpg,People
C:\Users\nickk\source\image-rating\heic\2025-09-01 Sedona by iPhone 3984.jpg,People
C:\Users\nickk\source\image-rating\heic\2025-09-01 Sedona by iPhone 3985.jpg,People
C:\Users\nickk\source\image-rating\heic\2025-09-01 Sedona by iPhone 3986.jpg,People
C:\Users\nickk\source\image-rating\heic\2025-09-01 Sedona by iPhone 3987.jpg,People
C:\Users\nickk\source\image-rating\heic\2025-09-01 Sedona by iPhone 3988.jpg,
C:\Users\nickk\source\image-rating\heic\2025-09-01 Sedona by iPhone 3989.jpg,
C:\Users\nickk\source\image-rating\heic\2025-09-01 Sedona by iPhone 3990.jpg,Other|animals|bird^Other|vehicles|car
C:\Users\nickk\source\image-rating\heic\2025-09-01 Sedona by iPhone 3991.jpg,Other|animals|bird^Other|vehicles|car
C:\Users\nickk\source\image-rating\heic\2025-09-01 Sedona by iPhone 3992.jpg,Other|animals|bird^Other|animals|dog^Other|vehicles|car^People
C:\Users\nickk\source\image-rating\heic\2025-09-01 Sedona by iPhone 3993.jpg,Other|animals|bird
C:\Users\nickk\source\image-rating\heic\2025-09-01 Sedona by iPhone 3994.jpg,Other|animals|bird
C:\Users\nickk\source\image-rating\heic\2025-09-01 Sedona by iPhone 3995.jpg,Other|animals|bird
C:\Users\nickk\source\image-rating\heic\2025-09-01 Sedona by iPhone 3996.jpg,Other|animals|bird
C:\Users\nickk\source\image-rating\heic\2025-09-01 Sedona by iPhone 3997.jpg,People
C:\Users\nickk\source\image-rating\heic\2025-09-01 Sedona by iPhone 3998.jpg,Other|animals|bird^Other|vehicles|car
C:\Users\nickk\source\image-rating\heic\2025-09-01 Sedona by iPhone 3999.jpg,
C:\Users\nickk\source\image-rating\heic\2025-09-01 Sedona by iPhone 4001.jpg,People
C:\Users\nickk\source\image-rating\heic\2025-09-01 Sedona by iPhone 4002.jpg,
C:\Users\nickk\source\image-rating\heic\2025-09-01 Sedona by iPhone 4003.jpg,
C:\Users\nickk\source\image-rating\heic\2025-09-01 Sedona by iPhone 4004.jpg,
C:\Users\nickk\source\image-rating\heic\2025-09-01 Sedona by iPhone 4005.jpg,
C:\Users\nickk\source\image-rating\heic\2025-09-01 Sedona by iPhone 4006.jpg,
C:\Users\nickk\source\image-rating\heic\2025-09-01 Sedona by iPhone 4007.jpg,
C:\Users\nickk\source\image-rating\heic\2025-09-01 Sedona by iPhone 4008.jpg,
C:\Users\nickk\source\image-rating\heic\2025-09-01 Sedona by iPhone 4009.jpg,
C:\Users\nickk\source\image-rating\heic\2025-09-01 Sedona by iPhone 4010.jpg,
C:\Users\nickk\source\image-rating\heic\2025-09-01 Sedona by iPhone 4011.jpg,
C:\Users\nickk\source\image-rating\heic\2025-09-01 Sedona by iPhone 4012.jpg,
C:\Users\nickk\source\image-rating\heic\2025-09-01 Sedona by iPhone 4013.jpg,
C:\Users\nickk\source\image-rating\heic\2025-09-01 Sedona by iPhone 4014.jpg,People
C:\Users\nickk\source\image-rating\heic\2025-09-01 Sedona by iPhone 4015.jpg,
C:\Users\nickk\source\image-rating\heic\2025-09-01 Sedona by iPhone 4016.jpg,Other|animals|giraffe
C:\Users\nickk\source\image-rating\heic\2025-09-01 Sedona by iPhone 4017.jpg,People
C:\Users\nickk\source\image-rating\heic\2025-09-01 Sedona by iPhone 4018.jpg,
C:\Users\nickk\source\image-rating\heic\2025-09-01 Sedona by iPhone 4019.jpg,Other|vehicles|truck
C:\Users\nickk\source\image-rating\heic\2025-09-01 Sedona by iPhone 4020.jpg,Other|vehicles|car
C:\Users\nickk\source\image-rating\heic\2025-09-01 Sedona by iPhone 4021.jpg,Other|vehicles|car^Other|vehicles|truck
C:\Users\nickk\source\image-rating\heic\2025-09-01 Sedona by iPhone 4022.jpg,Other|vehicles|bicycle
C:\Users\nickk\source\image-rating\heic\2025-09-01 Sedona by iPhone 4023.jpg,
C:\Users\nickk\source\image-rating\heic\2025-09-01 Sedona by iPhone 4024.jpg,
C:\Users\nickk\source\image-rating\heic\2025-09-01 Sedona by iPhone 4025.jpg,
C:\Users\nickk\source\image-rating\heic\2025-09-01 Sedona by iPhone 4026.jpg,
C:\Users\nickk\source\image-rating\heic\2025-09-01 Sedona by iPhone 4027.jpg,
C:\Users\nickk\source\image-rating\heic\2025-09-01 Sedona by iPhone 4028.jpg,
C:\Users\nickk\source\image-rating\heic\2025-09-01 Sedona by iPhone 4029.jpg,
C:\Users\nickk\source\image-rating\heic\2025-09-01 Sedona by iPhone 4030.jpg,
C:\Users\nickk\source\image-rating\heic\2025-09-01 Sedona by iPhone 4031.jpg,
C:\Users\nickk\source\image-rating\heic\2025-09-01 Sedona by iPhone 4032.jpg,
C:\Users\nickk\source\image-rating\heic\2025-09-01 Sedona by iPhone 4033.jpg,
C:\Users\nickk\source\image-rating\heic\2025-09-01 Sedona by iPhone 4034.jpg,
C:\Users\nickk\source\image-rating\heic\2025-09-01 Sedona by iPhone 4035.jpg,
C:\Users\nickk\source\image-rating\heic\2025-09-01 Sedona by iPhone 4036.jpg,
C:\Users\nickk\source\image-rating\heic\2025-09-01 Sedona by iPhone 4037.jpg,
C:\Users\nickk\source\image-rating\heic\2025-09-01 Sedona by iPhone 4038.jpg,
C:\Users\nickk\source\image-rating\heic\2025-09-01 Sedona by iPhone 4039.jpg,
C:\Users\nickk\source\image-rating\heic\2025-09-01 Sedona by iPhone 4040.jpg,
C:\Users\nickk\source\image-rating\heic\2025-09-01 Sedona by iPhone 4041.jpg,
C:\Users\nickk\source\image-rating\heic\2025-09-01 Sedona by iPhone 4042.jpg,Other|vehicles|train
C:\Users\nickk\source\image-rating\heic\2025-09-01 Sedona by iPhone 4043.jpg,
C:\Users\nickk\source\image-rating\heic\2025-09-01 Sedona by iPhone 4044.jpg,
C:\Users\nickk\source\image-rating\heic\2025-09-01 Sedona by iPhone 4045.jpg,
C:\Users\nickk\source\image-rating\heic\2025-09-01 Sedona by iPhone 4046.jpg,
C:\Users\nickk\source\image-rating\heic\2025-09-01 Sedona by iPhone 4047.jpg,Other|animals|cow
C:\Users\nickk\source\image-rating\heic\2025-09-01 Sedona by iPhone 4048.jpg,
C:\Users\nickk\source\image-rating\heic\2025-09-01 Sedona by iPhone 4049.jpg,
C:\Users\nickk\source\image-rating\heic\2025-09-01 Sedona by iPhone 4050.jpg,
C:\Users\nickk\source\image-rating\heic\2025-09-01 Sedona by iPhone 4051.jpg,
C:\Users\nickk\source\image-rating\heic\2025-09-01 Sedona by iPhone 4052.jpg,
C:\Users\nickk\source\image-rating\heic\2025-09-01 Sedona by iPhone 4053.jpg,
C:\Users\nickk\source\image-rating\heic\2025-09-01 Sedona by iPhone 4054.jpg,
C:\Users\nickk\source\image-rating\heic\2025-09-01 Sedona by iPhone 4055.jpg,
C:\Users\nickk\source\image-rating\heic\2025-09-01 Sedona by iPhone 4056.jpg,Other|animals|giraffe
C:\Users\nickk\source\image-rating\heic\2025-09-01 Sedona by iPhone 4057.jpg,
C:\Users\nickk\source\image-rating\heic\2025-09-01 Sedona by iPhone 4058.jpg,People
C:\Users\nickk\source\image-rating\heic\2025-09-01 Sedona by iPhone 4059.jpg,
C:\Users\nickk\source\image-rating\heic\2025-09-01 Sedona by iPhone 4060.jpg,
C:\Users\nickk\source\image-rating\heic\2025-09-01 Sedona by iPhone 4061.jpg,
C:\Users\nickk\source\image-rating\heic\2025-09-01 Sedona by iPhone 4062.jpg,
C:\Users\nickk\source\image-rating\heic\2025-09-01 Sedona by iPhone 4063.jpg,Other|vehicles|bicycle^Other|vehicles|car^Other|vehicles|truck
C:\Users\nickk\source\image-rating\heic\2025-09-01 Sedona by iPhone 4064.jpg,Other|vehicles|bicycle^Other|vehicles|car^Other|vehicles|truck
C:\Users\nickk\source\image-rating\heic\2025-09-01 Sedona by iPhone 4065.jpg,Other|vehicles|bicycle^Other|vehicles|car^Other|vehicles|truck
C:\Users\nickk\source\image-rating\heic\2025-09-01 Sedona by iPhone 4066.jpg,Other|vehicles|car^Other|vehicles|truck
C:\Users\nickk\source\image-rating\heic\2025-09-01 Sedona by iPhone 4067.jpg,Other|vehicles|bicycle
C:\Users\nickk\source\image-rating\heic\2025-09-01 Sedona by iPhone 4068.jpg,Other|vehicles|bicycle^People
C:\Users\nickk\source\image-rating\heic\2025-09-01 Sedona by iPhone 4069.jpg,Other|animals|horse
C:\Users\nickk\source\image-rating\heic\2025-09-01 Sedona by iPhone 4070.jpg,
C:\Users\nickk\source\image-rating\heic\2025-09-01 Sedona by iPhone 4071.jpg,Other|animals|cow^Other|animals|horse
C:\Users\nickk\source\image-rating\heic\2025-09-01 Sedona by iPhone 4072.jpg,
C:\Users\nickk\source\image-rating\heic\2025-09-01 Sedona by iPhone 4073.jpg,
C:\Users\nickk\source\image-rating\heic\2025-09-01 Sedona by iPhone 4074.jpg,
C:\Users\nickk\source\image-rating\heic\2025-09-01 Sedona by iPhone 4075.jpg,Other|animals|horse
C:\Users\nickk\source\image-rating\heic\2025-09-01 Sedona by iPhone 4076.jpg,
C:\Users\nickk\source\image-rating\heic\2025-09-01 Sedona by iPhone 4077.jpg,
C:\Users\nickk\source\image-rating\heic\2025-09-01 Sedona by iPhone 4078.jpg,
C:\Users\nickk\source\image-rating\heic\2025-09-01 Sedona by iPhone 4079.jpg,
C:\Users\nickk\source\image-rating\heic\2025-09-01 Sedona by iPhone 4080.jpg,Other|animals|giraffe
C:\Users\nickk\source\image-rating\heic\2025-09-01 Sedona by iPhone 4081.jpg,
C:\Users\nickk\source\image-rating\heic\2025-09-01 Sedona by iPhone 4082.jpg,Other|animals|giraffe
C:\Users\nickk\source\image-rating\heic\2025-09-01 Sedona by iPhone 4083.jpg,
C:\Users\nickk\source\image-rating\heic\2025-09-01 Sedona by iPhone 4084.jpg,
C:\Users\nickk\source\image-rating\heic\2025-09-01 Sedona by iPhone 4085.jpg,Other|animals|giraffe
C:\Users\nickk\source\image-rating\heic\2025-09-01 Sedona by iPhone 4086.jpg,Other|animals|giraffe
C:\Users\nickk\source\image-rating\heic\2025-09-01 Sedona by iPhone 4087.jpg,
C:\Users\nickk\source\image-rating\heic\2025-09-01 Sedona by iPhone 4088.jpg,
C:\Users\nickk\source\image-rating\heic\2025-09-01 Sedona by iPhone 4089.jpg,Other|animals|giraffe
C:\Users\nickk\source\image-rating\heic\2025-09-01 Sedona by iPhone 4090.jpg,
C:\Users\nickk\source\image-rating\heic\2025-09-01 Sedona by iPhone 4091.jpg,
C:\Users\nickk\source\image-rating\heic\2025-09-01 Sedona by iPhone 4092.jpg,
C:\Users\nickk\source\image-rating\heic\2025-09-01 Sedona by iPhone 4093.jpg,
C:\Users\nickk\source\image-rating\heic\2025-09-01 Sedona by iPhone 4094.jpg,
C:\Users\nickk\source\image-rating\heic\2025-09-01 Sedona by iPhone 4095.jpg,
C:\Users\nickk\source\image-rating\heic\2025-09-01 Sedona by iPhone 4096.jpg,
C:\Users\nickk\source\image-rating\heic\2025-09-01 Sedona by iPhone 4097.jpg,
C:\Users\nickk\source\image-rating\heic\2025-09-01 Sedona by iPhone 4098.jpg,
C:\Users\nickk\source\image-rating\heic\2025-09-01 Sedona by iPhone 4099.jpg,
C:\Users\nickk\source\image-rating\heic\2025-09-01 Sedona by iPhone 4100.jpg,
C:\Users\nickk\source\image-rating\heic\2025-09-01 Sedona by iPhone 4101.jpg,
C:\Users\nickk\source\image-rating\heic\2025-09-01 Sedona by iPhone 4102.jpg,
C:\Users\nickk\source\image-rating\heic\2025-09-01 Sedona by iPhone 4103.jpg,Other|vehicles|car^Other|vehicles|truck
C:\Users\nickk\source\image-rating\heic\2025-09-01 Sedona by iPhone 4104.jpg,
C:\Users\nickk\source\image-rating\heic\2025-09-01 Sedona by iPhone 4105.jpg,
C:\Users\nickk\source\image-rating\heic\2025-09-01 Sedona by iPhone 4106.jpg,Other|vehicles|car
C:\Users\nickk\source\image-rating\heic\2025-09-01 Sedona by iPhone 4107.jpg,Other|vehicles|car
C:\Users\nickk\source\image-rating\heic\2025-09-01 Sedona by iPhone 4108.jpg,
C:\Users\nickk\source\image-rating\heic\2025-09-01 Sedona by iPhone 4109.jpg,
C:\Users\nickk\source\image-rating\heic\2025-09-01 Sedona by iPhone 4110.jpg,
C:\Users\nickk\source\image-rating\heic\2025-09-01 Sedona by iPhone 4111.jpg,
C:\Users\nickk\source\image-rating\heic\2025-09-01 Sedona by iPhone 4112.jpg,
C:\Users\nickk\source\image-rating\heic\2025-09-01 Sedona by iPhone 4113.jpg,
C:\Users\nickk\source\image-rating\heic\2025-09-01 Sedona by iPhone 4114.jpg,
C:\Users\nickk\source\image-rating\heic\2025-09-01 Sedona by iPhone 4115.jpg,Other|vehicles|boat
C:\Users\nickk\source\image-rating\heic\2025-09-01 Sedona by iPhone 4116.jpg,
C:\Users\nickk\source\image-rating\heic\2025-09-01 Sedona by iPhone 4117.jpg,Other|animals|giraffe
C:\Users\nickk\source\image-rating\heic\2025-09-01 Sedona by iPhone 4118.jpg,
C:\Users\nickk\source\image-rating\heic\2025-09-01 Sedona by iPhone 4119.jpg,
C:\Users\nickk\source\image-rating\heic\2025-09-01 Sedona by iPhone 4120.jpg,
C:\Users\nickk\source\image-rating\heic\2025-09-01 Sedona by iPhone 4121.jpg,
C:\Users\nickk\source\image-rating\heic\2025-09-01 Sedona by iPhone 4122.jpg,
C:\Users\nickk\source\image-rating\heic\2025-09-01 Sedona by iPhone 4123.jpg,Other|animals|giraffe
C:\Users\nickk\source\image-rating\heic\2025-09-01 Sedona by iPhone 4124.jpg,
C:\Users\nickk\source\image-rating\heic\2025-09-01 Sedona by iPhone 4125.jpg,
C:\Users\nickk\source\image-rating\heic\2025-09-01 Sedona by iPhone 4126.jpg,
C:\Users\nickk\source\image-rating\heic\2025-09-01 Sedona by iPhone 4127.jpg,
C:\Users\nickk\source\image-rating\heic\2025-09-01 Sedona by iPhone 4128.jpg,
C:\Users\nickk\source\image-rating\heic\2025-09-01 Sedona by iPhone 4129.jpg,
C:\Users\nickk\source\image-rating\heic\2025-09-01 Sedona by iPhone 4130.jpg,
C:\Users\nickk\source\image-rating\heic\2025-09-01 Sedona by iPhone 4131.jpg,
C:\Users\nickk\source\image-rating\heic\2025-09-01 Sedona by iPhone 4132.jpg,
C:\Users\nickk\source\image-rating\heic\2025-09-01 Sedona by iPhone 4133.jpg,
C:\Users\nickk\source\image-rating\heic\2025-09-01 Sedona by iPhone 4134.jpg,
C:\Users\nickk\source\image-rating\heic\2025-09-01 Sedona by iPhone 4135.jpg,
C:\Users\nickk\source\image-rating\heic\2025-09-01 Sedona by iPhone 4136.jpg,
C:\Users\nickk\source\image-rating\heic\2025-09-01 Sedona by iPhone 4137.jpg,
C:\Users\nickk\source\image-rating\heic\2025-09-01 Sedona by iPhone 4138.jpg,
C:\Users\nickk\source\image-rating\heic\2025-09-01 Sedona by iPhone 4139.jpg,
C:\Users\nickk\source\image-rating\heic\2025-09-01 Sedona by iPhone 4140.jpg,
C:\Users\nickk\source\image-rating\heic\2025-09-01 Sedona by iPhone 4141.jpg,
C:\Users\nickk\source\image-rating\heic\2025-09-01 Sedona by iPhone 4142.jpg,
C:\Users\nickk\source\image-rating\heic\2025-09-01 Sedona by iPhone 4143.jpg,
C:\Users\nickk\source\image-rating\heic\2025-09-01 Sedona by iPhone 4144.jpg,
C:\Users\nickk\source\image-rating\heic\2025-09-01 Sedona by iPhone 4145.jpg,People
C:\Users\nickk\source\image-rating\heic\2025-09-01 Sedona by iPhone 4146.jpg,People
C:\Users\nickk\source\image-rating\heic\2025-09-01 Sedona by iPhone 4147.jpg,People
C:\Users\nickk\source\image-rating\heic\2025-09-01 Sedona by iPhone 4148.jpg,
C:\Users\nickk\source\image-rating\heic\2025-09-01 Sedona by iPhone 4149.jpg,
C:\Users\nickk\source\image-rating\heic\2025-09-01 Sedona by iPhone 4150.jpg,
C:\Users\nickk\source\image-rating\heic\2025-09-01 Sedona by iPhone 4151.jpg,
C:\Users\nickk\source\image-rating\heic\2025-09-01 Sedona by iPhone 4152.jpg,
C:\Users\nickk\source\image-rating\heic\2025-09-01 Sedona by iPhone 4153.jpg,
C:\Users\nickk\source\image-rating\heic\2025-09-01 Sedona by iPhone 4154.jpg,
C:\Users\nickk\source\image-rating\heic\2025-09-01 Sedona by iPhone 4155.jpg,
C:\Users\nickk\source\image-rating\heic\2025-09-01 Sedona by iPhone 4156.jpg,
C:\Users\nickk\source\image-rating\heic\2025-09-01 Sedona by iPhone 4157.jpg,
C:\Users\nickk\source\image-rating\heic\2025-09-01 Sedona by iPhone 4158.jpg,
C:\Users\nickk\source\image-rating\heic\2025-09-01 Sedona by iPhone 4159.jpg,
C:\Users\nickk\source\image-rating\heic\2025-09-01 Sedona by iPhone 4160.jpg,
C:\Users\nickk\source\image-rating\heic\2025-09-01 Sedona by iPhone 4161.jpg,
C:\Users\nickk\source\image-rating\heic\2025-09-01 Sedona by iPhone 4162.jpg,
C:\Users\nickk\source\image-rating\heic\2025-09-01 Sedona by iPhone 4163.jpg,
C:\Users\nickk\source\image-rating\heic\2025-09-01 Sedona by iPhone 4164.jpg,
C:\Users\nickk\source\image-rating\heic\2025-09-01 Sedona by iPhone 4165.jpg,
C:\Users\nickk\source\image-rating\heic\2025-09-01 Sedona by iPhone 4166.jpg,
C:\Users\nickk\source\image-rating\heic\2025-09-01 Sedona by iPhone 4167.jpg,
C:\Users\nickk\source\image-rating\heic\2025-09-01 Sedona by iPhone 4168.jpg,
C:\Users\nickk\source\image-rating\heic\2025-09-01 Sedona by iPhone 4169.jpg,
C:\Users\nickk\source\image-rating\heic\2025-09-01 Sedona by iPhone 4170.jpg,
C:\Users\nickk\source\image-rating\heic\2025-09-01 Sedona by iPhone 4171.jpg,
C:\Users\nickk\source\image-rating\heic\2025-09-01 Sedona by iPhone 4172.jpg,
C:\Users\nickk\source\image-rating\heic\2025-09-01 Sedona by iPhone 4173.jpg,People
C:\Users\nickk\source\image-rating\heic\2025-09-01 Sedona by iPhone 4174.jpg,People
C:\Users\nickk\source\image-rating\heic\2025-09-01 Sedona by iPhone 4175.jpg,People
C:\Users\nickk\source\image-rating\heic\2025-09-01 Sedona by iPhone 4176.jpg,People
C:\Users\nickk\source\image-rating\heic\2025-09-01 Sedona by iPhone 4177.jpg,People
C:\Users\nickk\source\image-rating\heic\2025-09-01 Sedona by iPhone 4178.jpg,People
C:\Users\nickk\source\image-rating\heic\2025-09-01 Sedona by iPhone 4179.jpg,
C:\Users\nickk\source\image-rating\heic\2025-09-01 Sedona by iPhone 4180.jpg,
C:\Users\nickk\source\image-rating\heic\2025-09-01 Sedona by iPhone 4181.jpg,
C:\Users\nickk\source\image-rating\heic\2025-09-01 Sedona by iPhone 4182.jpg,
C:\Users\nickk\source\image-rating\heic\2025-09-01 Sedona by iPhone 4183.jpg,
C:\Users\nickk\source\image-rating\heic\2025-09-01 Sedona by iPhone 4184.jpg,Other|animals|giraffe
C:\Users\nickk\source\image-rating\heic\2025-09-01 Sedona by iPhone 4185.jpg,
C:\Users\nickk\source\image-rating\heic\2025-09-01 Sedona by iPhone 4186.jpg,
C:\Users\nickk\source\image-rating\heic\2025-09-01 Sedona by iPhone 4187.jpg,
C:\Users\nickk\source\image-rating\heic\2025-09-01 Sedona by iPhone 4188.jpg,People
C:\Users\nickk\source\image-rating\heic\2025-09-01 Sedona by iPhone 4189.jpg,People
C:\Users\nickk\source\image-rating\heic\2025-09-01 Sedona by iPhone 4190.jpg,
C:\Users\nickk\source\image-rating\heic\2025-09-01 Sedona by iPhone 4191.jpg,People
C:\Users\nickk\source\image-rating\heic\2025-09-01 Sedona by iPhone 4192.jpg,
C:\Users\nickk\source\image-rating\heic\2025-09-01 Sedona by iPhone 4193.jpg,Other|vehicles|train
C:\Users\nickk\source\image-rating\heic\2025-09-01 Sedona by iPhone 4194.jpg,People
C:\Users\nickk\source\image-rating\heic\2025-09-01 Sedona by iPhone 4195.jpg,
C:\Users\nickk\source\image-rating\heic\2025-09-01 Sedona by iPhone 4196.jpg,
C:\Users\nickk\source\image-rating\heic\2025-09-01 Sedona by iPhone 4197.jpg,
C:\Users\nickk\source\image-rating\heic\2025-09-01 Sedona by iPhone 4198.jpg,
C:\Users\nickk\source\image-rating\heic\2025-09-01 Sedona by iPhone 4199.jpg,
C:\Users\nickk\source\image-rating\heic\2025-09-01 Sedona by iPhone 4200.jpg,
C:\Users\nickk\source\image-rating\heic\2025-09-01 Sedona by iPhone 4201.jpg,People
C:\Users\nickk\source\image-rating\heic\2025-09-01 Sedona by iPhone 4202.jpg,People
C:\Users\nickk\source\image-rating\heic\2025-09-01 Sedona by iPhone 4203.jpg,People
C:\Users\nickk\source\image-rating\heic\2025-09-01 Sedona by iPhone 4204.jpg,People
C:\Users\nickk\source\image-rating\heic\2025-09-01 Sedona by iPhone 4205.jpg,People
C:\Users\nickk\source\image-rating\heic\2025-09-01 Sedona by iPhone 4206.jpg,People
C:\Users\nickk\source\image-rating\heic\2025-09-01 Sedona by iPhone 4207.jpg,People
C:\Users\nickk\source\image-rating\heic\2025-09-01 Sedona by iPhone 4208.jpg,
C:\Users\nickk\source\image-rating\heic\2025-09-01 Sedona by iPhone 4209.jpg,
C:\Users\nickk\source\image-rating\heic\2025-09-01 Sedona by iPhone 4210.jpg,
C:\Users\nickk\source\image-rating\heic\2025-09-01 Sedona by iPhone 4211.jpg,
C:\Users\nickk\source\image-rating\heic\2025-09-01 Sedona by iPhone 4212.jpg,
C:\Users\nickk\source\image-rating\heic\2025-09-01 Sedona by iPhone 4213.jpg,
C:\Users\nickk\source\image-rating\heic\2025-09-01 Sedona by iPhone 4214.jpg,
C:\Users\nickk\source\image-rating\heic\2025-09-01 Sedona by iPhone 4215.jpg,
C:\Users\nickk\source\image-rating\heic\2025-09-01 Sedona by iPhone 4216.jpg,
C:\Users\nickk\source\image-rating\heic\2025-09-01 Sedona by iPhone 4217.jpg,People
C:\Users\nickk\source\image-rating\heic\2025-09-01 Sedona by iPhone 4218.jpg,People
C:\Users\nickk\source\image-rating\heic\2025-09-01 Sedona by iPhone 4219.jpg,People
C:\Users\nickk\source\image-rating\heic\2025-09-01 Sedona by iPhone 4220.jpg,People
C:\Users\nickk\source\image-rating\heic\2025-09-01 Sedona by iPhone 4221.jpg,People
C:\Users\nickk\source\image-rating\heic\2025-09-01 Sedona by iPhone 4222.jpg,People
C:\Users\nickk\source\image-rating\heic\2025-09-01 Sedona by iPhone 4223.jpg,People
C:\Users\nickk\source\image-rating\heic\2025-09-01 Sedona by iPhone 4224.jpg,People
C:\Users\nickk\source\image-rating\heic\2025-09-01 Sedona by iPhone 4225.jpg,People
C:\Users\nickk\source\image-rating\heic\2025-09-01 Sedona by iPhone 4226.jpg,People
C:\Users\nickk\source\image-rating\heic\2025-09-01 Sedona by iPhone 4227.jpg,People
C:\Users\nickk\source\image-rating\heic\2025-09-01 Sedona by iPhone 4228.jpg,People
C:\Users\nickk\source\image-rating\heic\2025-09-01 Sedona by iPhone 4229.jpg,People
C:\Users\nickk\source\image-rating\heic\2025-09-01 Sedona by iPhone 4230.jpg,People
C:\Users\nickk\source\image-rating\heic\2025-09-01 Sedona by iPhone 4231.jpg,People
C:\Users\nickk\source\image-rating\heic\2025-09-01 Sedona by iPhone 4232.jpg,People
C:\Users\nickk\source\image-rating\heic\2025-09-01 Sedona by iPhone 4233.jpg,People
C:\Users\nickk\source\image-rating\heic\2025-09-01 Sedona by iPhone 4234.jpg,Other|vehicles|car
C:\Users\nickk\source\image-rating\heic\2025-09-01 Sedona by iPhone 4235.jpg,
C:\Users\nickk\source\image-rating\heic\2025-09-01 Sedona by iPhone 4236.jpg,
C:\Users\nickk\source\image-rating\heic\2025-09-01 Sedona by iPhone 4237.jpg,
C:\Users\nickk\source\image-rating\heic\2025-09-01 Sedona by iPhone 4238.jpg,
C:\Users\nickk\source\image-rating\heic\2025-09-01 Sedona by iPhone 4239.jpg,
C:\Users\nickk\source\image-rating\heic\2025-09-01 Sedona by iPhone 4240.jpg,
C:\Users\nickk\source\image-rating\heic\2025-09-01 Sedona by iPhone 4241.jpg,
C:\Users\nickk\source\image-rating\heic\2025-09-01 Sedona by iPhone 4242.jpg,
C:\Users\nickk\source\image-rating\heic\2025-09-01 Sedona by iPhone 4243.jpg,Other|vehicles|boat
C:\Users\nickk\source\image-rating\heic\2025-09-01 Sedona by iPhone 4244.jpg,
C:\Users\nickk\source\image-rating\heic\2025-09-01 Sedona by iPhone 4245.jpg,
C:\Users\nickk\source\image-rating\heic\2025-09-01 Sedona by iPhone 4246.jpg,
C:\Users\nickk\source\image-rating\heic\2025-09-01 Sedona by iPhone 4247.jpg,
C:\Users\nickk\source\image-rating\heic\2025-09-01 Sedona by iPhone 4248.jpg,
C:\Users\nickk\source\image-rating\heic\2025-09-01 Sedona by iPhone 4249.jpg,
C:\Users\nickk\source\image-rating\heic\2025-09-01 Sedona by iPhone 4250.jpg,
C:\Users\nickk\source\image-rating\heic\2025-09-01 Sedona by iPhone 4251.jpg,
C:\Users\nickk\source\image-rating\heic\2025-09-01 Sedona by iPhone 4252.jpg,Other|animals|giraffe
C:\Users\nickk\source\image-rating\heic\2025-09-01 Sedona by iPhone 4253.jpg,
C:\Users\nickk\source\image-rating\heic\2025-09-01 Sedona by iPhone 4254.jpg,
C:\Users\nickk\source\image-rating\heic\2025-09-01 Sedona by iPhone 4255.jpg,
C:\Users\nickk\source\image-rating\heic\2025-09-01 Sedona by iPhone 4256.jpg,
C:\Users\nickk\source\image-rating\heic\2025-09-01 Sedona by iPhone 4257.jpg,Other|animals|sheep
C:\Users\nickk\source\image-rating\heic\2025-09-01 Sedona by iPhone 4258.jpg,Other|animals|giraffe^Other|animals|sheep
C:\Users\nickk\source\image-rating\heic\2025-09-01 Sedona by iPhone 4259.jpg,Other|animals|giraffe^Other|animals|sheep
C:\Users\nickk\source\image-rating\heic\2025-09-01 Sedona by iPhone 4260.jpg,
C:\Users\nickk\source\image-rating\heic\2025-09-01 Sedona by iPhone 4261.jpg,Other|animals|sheep^Other|vehicles|car
C:\Users\nickk\source\image-rating\heic\2025-09-01 Sedona by iPhone 4262.jpg,Other|animals|sheep
C:\Users\nickk\source\image-rating\heic\2025-09-01 Sedona by iPhone 4263.jpg,Other|animals|sheep
C:\Users\nickk\source\image-rating\heic\2025-09-01 Sedona by iPhone 4264.jpg,Other|animals|sheep
C:\Users\nickk\source\image-rating\heic\2025-09-01 Sedona by iPhone 4265.jpg,Other|animals|sheep
C:\Users\nickk\source\image-rating\heic\2025-09-01 Sedona by iPhone 4266.jpg,Other|animals|sheep
C:\Users\nickk\source\image-rating\heic\2025-09-01 Sedona by iPhone 4267.jpg,
C:\Users\nickk\source\image-rating\heic\2025-09-01 Sedona by iPhone 4268.jpg,
C:\Users\nickk\source\image-rating\heic\2025-09-01 Sedona by iPhone 4269.jpg,Other|animals|horse
C:\Users\nickk\source\image-rating\heic\2025-09-01 Sedona by iPhone 4270.jpg,
C:\Users\nickk\source\image-rating\heic\2025-09-01 Sedona by iPhone 4271.jpg,
C:\Users\nickk\source\image-rating\heic\2025-09-01 Sedona by iPhone 4272.jpg,
C:\Users\nickk\source\image-rating\heic\2025-09-01 Sedona by iPhone 4273.jpg,
C:\Users\nickk\source\image-rating\heic\2025-09-01 Sedona by iPhone 4274.jpg,
C:\Users\nickk\source\image-rating\heic\2025-09-01 Sedona by iPhone 4275.jpg,
C:\Users\nickk\source\image-rating\heic\2025-09-01 Sedona by iPhone 4276.jpg,Other|animals|bird
C:\Users\nickk\source\image-rating\heic\2025-09-01 Sedona by iPhone 4277.jpg,Other|animals|sheep
C:\Users\nickk\source\image-rating\heic\2025-09-01 Sedona by iPhone 4278.jpg,
C:\Users\nickk\source\image-rating\heic\2025-09-01 Sedona by iPhone 4279.jpg,
C:\Users\nickk\source\image-rating\heic\2025-09-01 Sedona by iPhone 4280.jpg,
C:\Users\nickk\source\image-rating\heic\2025-09-01 Sedona by iPhone 4281.jpg,
C:\Users\nickk\source\image-rating\heic\2025-09-01 Sedona by iPhone 4282.jpg,
C:\Users\nickk\source\image-rating\heic\2025-09-01 Sedona by iPhone 4283.jpg,
C:\Users\nickk\source\image-rating\heic\2025-09-01 Sedona by iPhone 4284.jpg,
C:\Users\nickk\source\image-rating\heic\2025-09-01 Sedona by iPhone 4285.jpg,
C:\Users\nickk\source\image-rating\heic\2025-09-01 Sedona by iPhone 4286.jpg,Other|vehicles|boat
C:\Users\nickk\source\image-rating\heic\2025-09-01 Sedona by iPhone 4287.jpg,Other|vehicles|boat
C:\Users\nickk\source\image-rating\heic\2025-09-01 Sedona by iPhone 4288.jpg,Other|animals|sheep
C:\Users\nickk\source\image-rating\heic\2025-09-01 Sedona by iPhone 4289.jpg,Other|animals|cat^People
C:\Users\nickk\source\image-rating\heic\2025-09-01 Sedona by iPhone 4290.jpg,Other|animals|sheep
C:\Users\nickk\source\image-rating\heic\2025-09-01 Sedona by iPhone 4291.jpg,
C:\Users\nickk\source\image-rating\heic\2025-09-01 Sedona by iPhone 4292.jpg,
C:\Users\nickk\source\image-rating\heic\2025-09-01 Sedona by iPhone 4293.jpg,
C:\Users\nickk\source\image-rating\heic\2025-09-01 Sedona by iPhone 4294.jpg,
C:\Users\nickk\source\image-rating\heic\2025-09-01 Sedona by iPhone 4295.jpg,
C:\Users\nickk\source\image-rating\heic\2025-09-01 Sedona by iPhone 4296.jpg,Other|animals|giraffe
C:\Users\nickk\source\image-rating\heic\2025-09-01 Sedona by iPhone 4297.jpg,
C:\Users\nickk\source\image-rating\heic\2025-09-01 Sedona by iPhone 4298.jpg,Other|animals|giraffe
C:\Users\nickk\source\image-rating\heic\2025-09-01 Sedona by iPhone 4299.jpg,
C:\Users\nickk\source\image-rating\heic\2025-09-01 Sedona by iPhone 4300.jpg,
C:\Users\nickk\source\image-rating\heic\2025-09-01 Sedona by iPhone 4301.jpg,
C:\Users\nickk\source\image-rating\heic\2025-09-01 Sedona by iPhone 4302.jpg,Other|animals|giraffe^People
C:\Users\nickk\source\image-rating\heic\2025-09-01 Sedona by iPhone 4303.jpg,People
C:\Users\nickk\source\image-rating\heic\2025-09-01 Sedona by iPhone 4304.jpg,People
C:\Users\nickk\source\image-rating\heic\2025-09-01 Sedona by iPhone 4305.jpg,
C:\Users\nickk\source\image-rating\heic\2025-09-01 Sedona by iPhone 4306.jpg,
C:\Users\nickk\source\image-rating\heic\2025-09-01 Sedona by iPhone 4307.jpg,
C:\Users\nickk\source\image-rating\heic\2025-09-01 Sedona by iPhone 4308.jpg,
C:\Users\nickk\source\image-rating\heic\2025-09-01 Sedona by iPhone 4309.jpg,
C:\Users\nickk\source\image-rating\heic\2025-09-01 Sedona by iPhone 4310.jpg,
C:\Users\nickk\source\image-rating\heic\2025-09-01 Sedona by iPhone 4311.jpg,
C:\Users\nickk\source\image-rating\heic\2025-09-01 Sedona by iPhone 4312.jpg,
C:\Users\nickk\source\image-rating\heic\2025-09-01 Sedona by iPhone 4313.jpg,
C:\Users\nickk\source\image-rating\heic\2025-09-01 Sedona by iPhone 4314.jpg,
C:\Users\nickk\source\image-rating\heic\2025-09-01 Sedona by iPhone 4315.jpg,
C:\Users\nickk\source\image-rating\heic\2025-09-01 Sedona by iPhone 4316.jpg,People
C:\Users\nickk\source\image-rating\heic\2025-09-01 Sedona by iPhone 4317.jpg,Other|vehicles|car^People
C:\Users\nickk\source\image-rating\heic\2025-09-01 Sedona by iPhone 4318.jpg,
C:\Users\nickk\source\image-rating\heic\2025-09-01 Sedona by iPhone 4319.jpg,
C:\Users\nickk\source\image-rating\heic\2025-09-01 Sedona by iPhone 4320.jpg,
C:\Users\nickk\source\image-rating\heic\2025-09-01 Sedona by iPhone 4321.jpg,
C:\Users\nickk\source\image-rating\heic\2025-09-01 Sedona by iPhone 4322.jpg,
C:\Users\nickk\source\image-rating\heic\2025-09-01 Sedona by iPhone 4323.jpg,Other|animals|giraffe
C:\Users\nickk\source\image-rating\heic\2025-09-01 Sedona by iPhone 4324.jpg,
C:\Users\nickk\source\image-rating\heic\2025-09-01 Sedona by iPhone 4325.jpg,People
C:\Users\nickk\source\image-rating\heic\2025-09-01 Sedona by iPhone 4326.jpg,
C:\Users\nickk\source\image-rating\heic\2025-09-01 Sedona by iPhone 4327.jpg,People
C:\Users\nickk\source\image-rating\heic\2025-09-01 Sedona by iPhone 4328.jpg,Other|animals|giraffe
C:\Users\nickk\source\image-rating\heic\2025-09-01 Sedona by iPhone 4329.jpg,
C:\Users\nickk\source\image-rating\heic\2025-09-01 Sedona by iPhone 4330.jpg,
C:\Users\nickk\source\image-rating\heic\2025-09-01 Sedona by iPhone 4331.jpg,
C:\Users\nickk\source\image-rating\heic\2025-09-01 Sedona by iPhone 4332.jpg,
C:\Users\nickk\source\image-rating\heic\2025-09-01 Sedona by iPhone 4333.jpg,
C:\Users\nickk\source\image-rating\heic\2025-09-01 Sedona by iPhone 4334.jpg,
C:\Users\nickk\source\image-rating\heic\2025-09-01 Sedona by iPhone 4335.jpg,Other|vehicles|car^Other|vehicles|truck^People
C:\Users\nickk\source\image-rating\heic\2025-09-01 Sedona by iPhone 4336.jpg,
C:\Users\nickk\source\image-rating\heic\2025-09-01 Sedona by iPhone 4337.jpg,Other|vehicles|car^Other|vehicles|truck
C:\Users\nickk\source\image-rating\heic\2025-09-01 Sedona by iPhone 4338.jpg,
C:\Users\nickk\source\image-rating\heic\2025-09-01 Sedona by iPhone 4339.jpg,
C:\Users\nickk\source\image-rating\heic\2025-09-01 Sedona by iPhone 4340.jpg,Other|vehicles|car^People
C:\Users\nickk\source\image-rating\heic\2025-09-01 Sedona by iPhone 4341.jpg,Other|vehicles|car
C:\Users\nickk\source\image-rating\heic\2025-09-01 Sedona by iPhone 4342.jpg,Other|vehicles|car^Other|vehicles|truck
C:\Users\nickk\source\image-rating\heic\2025-09-01 Sedona by iPhone 4343.jpg,
C:\Users\nickk\source\image-rating\heic\2025-09-01 Sedona by iPhone 4344.jpg,Other|vehicles|car^People
C:\Users\nickk\source\image-rating\heic\2025-09-01 Sedona by iPhone 4345.jpg,Other|vehicles|car^People
C:\Users\nickk\source\image-rating\heic\2025-09-01 Sedona by iPhone 4346.jpg,Other|vehicles|car
C:\Users\nickk\source\image-rating\heic\2025-09-01 Sedona by iPhone 4347.jpg,
C:\Users\nickk\source\image-rating\heic\2025-09-01 Sedona by iPhone 4348.jpg,Other|vehicles|car^Other|vehicles|truck
C:\Users\nickk\source\image-rating\heic\2025-09-01 Sedona by iPhone 4349.jpg,Other|vehicles|car^Other|vehicles|truck
C:\Users\nickk\source\image-rating\heic\2025-09-01 Sedona by iPhone 4350.jpg,
C:\Users\nickk\source\image-rating\heic\2025-09-01 Sedona by iPhone 4351.jpg,
C:\Users\nickk\source\image-rating\heic\2025-09-01 Sedona by iPhone 4352.jpg,People
C:\Users\nickk\source\image-rating\heic\2025-09-01 Sedona by iPhone 4353.jpg,
C:\Users\nickk\source\image-rating\heic\2025-09-01 Sedona by iPhone 4354.jpg,
C:\Users\nickk\source\image-rating\heic\2025-09-01 Sedona by iPhone 4355.jpg,
C:\Users\nickk\source\image-rating\heic\2025-09-01 Sedona by iPhone 4356.jpg,
C:\Users\nickk\source\image-rating\heic\2025-09-01 Sedona by iPhone 4357.jpg,
C:\Users\nickk\source\image-rating\heic\2025-09-01 Sedona by iPhone 4358.jpg,
C:\Users\nickk\source\image-rating\heic\2025-09-01 Sedona by iPhone 4359.jpg,
C:\Users\nickk\source\image-rating\heic\2025-09-01 Sedona by iPhone 4360.jpg,
C:\Users\nickk\source\image-rating\heic\2025-09-01 Sedona by iPhone 4361.jpg,
C:\Users\nickk\source\image-rating\heic\2025-09-01 Sedona by iPhone 4362.jpg,
C:\Users\nickk\source\image-rating\heic\2025-09-01 Sedona by iPhone 4363.jpg,
C:\Users\nickk\source\image-rating\heic\2025-09-01 Sedona by iPhone 4364.jpg,
C:\Users\nickk\source\image-rating\heic\2025-09-01 Sedona by iPhone 4365.jpg,
C:\Users\nickk\source\image-rating\heic\2025-09-01 Sedona by iPhone 4366.jpg,
C:\Users\nickk\source\image-rating\heic\2025-09-01 Sedona by iPhone 4367.jpg,
C:\Users\nickk\source\image-rating\heic\2025-09-01 Sedona by iPhone 4368.jpg,Other|animals|giraffe
C:\Users\nickk\source\image-rating\heic\2025-09-01 Sedona by iPhone 4369.jpg,
C:\Users\nickk\source\image-rating\heic\2025-09-01 Sedona by iPhone 4370.jpg,
C:\Users\nickk\source\image-rating\heic\2025-09-01 Sedona by iPhone 4371.jpg,Other|vehicles|car^Other|vehicles|truck^People
C:\Users\nickk\source\image-rating\heic\2025-09-01 Sedona by iPhone 4372.jpg,Other|vehicles|truck
C:\Users\nickk\source\image-rating\heic\2025-09-01 Sedona by iPhone 4373.jpg,Other|animals|giraffe
C:\Users\nickk\source\image-rating\heic\2025-09-01 Sedona by iPhone 4374.jpg,
C:\Users\nickk\source\image-rating\heic\2025-09-01 Sedona by iPhone 4375.jpg,
C:\Users\nickk\source\image-rating\heic\2025-09-01 Sedona by iPhone 4376.jpg,
C:\Users\nickk\source\image-rating\heic\2025-09-01 Sedona by iPhone 4377.jpg,
C:\Users\nickk\source\image-rating\heic\2025-09-01 Sedona by iPhone 4378.jpg,
C:\Users\nickk\source\image-rating\heic\2025-09-01 Sedona by iPhone 4379.jpg,
C:\Users\nickk\source\image-rating\heic\2025-09-01 Sedona by iPhone 4380.jpg,
C:\Users\nickk\source\image-rating\heic\2025-09-01 Sedona by iPhone 4381.jpg,
C:\Users\nickk\source\image-rating\heic\2025-09-01 Sedona by iPhone 4382.jpg,
C:\Users\nickk\source\image-rating\heic\2025-09-01 Sedona by iPhone 4383.jpg,
C:\Users\nickk\source\image-rating\heic\2025-09-01 Sedona by iPhone 4384.jpg,
C:\Users\nickk\source\image-rating\heic\2025-09-01 Sedona by iPhone 4385.jpg,Other|vehicles|train
C:\Users\nickk\source\image-rating\heic\2025-09-01 Sedona by iPhone 4386.jpg,Other|vehicles|train
C:\Users\nickk\source\image-rating\heic\2025-09-01 Sedona by iPhone 4387.jpg,
C:\Users\nickk\source\image-rating\heic\2025-09-01 Sedona by iPhone 4388.jpg,
C:\Users\nickk\source\image-rating\heic\2025-09-01 Sedona by iPhone 4389.jpg,Other|animals|giraffe
C:\Users\nickk\source\image-rating\heic\2025-09-01 Sedona by iPhone 4390.jpg,
C:\Users\nickk\source\image-rating\heic\2025-09-01 Sedona by iPhone 4391.jpg,Other|animals|giraffe^Other|vehicles|train
C:\Users\nickk\source\image-rating\heic\2025-09-01 Sedona by iPhone 4392.jpg,Other|vehicles|car
C:\Users\nickk\source\image-rating\heic\2025-09-01 Sedona by iPhone 4393.jpg,
C:\Users\nickk\source\image-rating\heic\2025-09-01 Sedona by iPhone 4394.jpg,
C:\Users\nickk\source\image-rating\heic\2025-09-01 Sedona by iPhone 4395.jpg,
C:\Users\nickk\source\image-rating\heic\2025-09-01 Sedona by iPhone 4396.jpg,
C:\Users\nickk\source\image-rating\heic\2025-09-01 Sedona by iPhone 4397.jpg,
C:\Users\nickk\source\image-rating\heic\2025-09-01 Sedona by iPhone 4398.jpg,
C:\Users\nickk\source\image-rating\heic\2025-09-01 Sedona by iPhone 4399.jpg,
C:\Users\nickk\source\image-rating\heic\2025-09-01 Sedona by iPhone 4400.jpg,
C:\Users\nickk\source\image-rating\heic\2025-09-01 Sedona by iPhone 4401.jpg,People
C:\Users\nickk\source\image-rating\heic\2025-09-01 Sedona by iPhone 4402.jpg,
C:\Users\nickk\source\image-rating\heic\2025-09-01 Sedona by iPhone 4403.jpg,
C:\Users\nickk\source\image-rating\heic\2025-09-01 Sedona by iPhone 4404.jpg,
C:\Users\nickk\source\image-rating\heic\2025-09-01 Sedona by iPhone 4405.jpg,
C:\Users\nickk\source\image-rating\heic\2025-09-01 Sedona by iPhone 4406.jpg,
C:\Users\nickk\source\image-rating\heic\2025-09-01 Sedona by iPhone 4407.jpg,
C:\Users\nickk\source\image-rating\heic\2025-09-01 Sedona by iPhone 4408.jpg,
C:\Users\nickk\source\image-rating\heic\2025-09-01 Sedona by iPhone 4409.jpg,
C:\Users\nickk\source\image-rating\heic\2025-09-01 Sedona by iPhone 4410.jpg,
C:\Users\nickk\source\image-rating\heic\2025-09-01 Sedona by iPhone 4411.jpg,
C:\Users\nickk\source\image-rating\heic\2025-09-01 Sedona by iPhone 4412.jpg,
C:\Users\nickk\source\image-rating\heic\2025-09-01 Sedona by iPhone 4413.jpg,
C:\Users\nickk\source\image-rating\heic\2025-09-01 Sedona by iPhone 4414.jpg,People
C:\Users\nickk\source\image-rating\heic\2025-09-01 Sedona by iPhone 4415.jpg,
C:\Users\nickk\source\image-rating\heic\2025-09-01 Sedona by iPhone 4416.jpg,Other|animals|giraffe
C:\Users\nickk\source\image-rating\heic\2025-09-01 Sedona by iPhone 4417.jpg,
C:\Users\nickk\source\image-rating\heic\2025-09-01 Sedona by iPhone 4418.jpg,
C:\Users\nickk\source\image-rating\heic\2025-09-01 Sedona by iPhone 4419.jpg,
C:\Users\nickk\source\image-rating\heic\2025-09-01 Sedona by iPhone 4420.jpg,
C:\Users\nickk\source\image-rating\heic\2025-09-01 Sedona by iPhone 4421.jpg,
C:\Users\nickk\source\image-rating\heic\2025-09-01 Sedona by iPhone 4422.jpg,
C:\Users\nickk\source\image-rating\heic\2025-09-01 Sedona by iPhone 4423.jpg,
C:\Users\nickk\source\image-rating\heic\2025-09-01 Sedona by iPhone 4424.jpg,
C:\Users\nickk\source\image-rating\heic\2025-09-01 Sedona by iPhone 4425.jpg,
C:\Users\nickk\source\image-rating\heic\2025-09-01 Sedona by iPhone 4426.jpg,
C:\Users\nickk\source\image-rating\heic\2025-09-01 Sedona by iPhone 4427.jpg,
C:\Users\nickk\source\image-rating\heic\2025-09-01 Sedona by iPhone 4428.jpg,
C:\Users\nickk\source\image-rating\heic\2025-09-01 Sedona by iPhone 4429.jpg,
C:\Users\nickk\source\image-rating\heic\2025-09-01 Sedona by iPhone 4430.jpg,
C:\Users\nickk\source\image-rating\heic\2025-09-01 Sedona by iPhone 4431.jpg,
C:\Users\nickk\source\image-rating\heic\2025-09-01 Sedona by iPhone 4432.jpg,Other|animals|giraffe
C:\Users\nickk\source\image-rating\heic\2025-09-01 Sedona by iPhone 4433.jpg,
C:\Users\nickk\source\image-rating\heic\2025-09-01 Sedona by iPhone 4434.jpg,
C:\Users\nickk\source\image-rating\heic\2025-09-01 Sedona by iPhone 4435.jpg,
C:\Users\nickk\source\image-rating\heic\2025-09-01 Sedona by iPhone 4436.jpg,
C:\Users\nickk\source\image-rating\heic\2025-09-01 Sedona by iPhone 4437.jpg,
C:\Users\nickk\source\image-rating\heic\2025-09-01 Sedona by iPhone 4438.jpg,
C:\Users\nickk\source\image-rating\heic\2025-09-01 Sedona by iPhone 4439.jpg,
C:\Users\nickk\source\image-rating\heic\2025-09-01 Sedona by iPhone 4440.jpg,
C:\Users\nickk\source\image-rating\heic\2025-09-01 Sedona by iPhone 4441.jpg,
C:\Users\nickk\source\image-rating\heic\2025-09-01 Sedona by iPhone 4442.jpg,
C:\Users\nickk\source\image-rating\heic\2025-09-01 Sedona by iPhone 4443.jpg,
C:\Users\nickk\source\image-rating\heic\2025-09-01 Sedona by iPhone 4444.jpg,
C:\Users\nickk\source\image-rating\heic\2025-09-01 Sedona by iPhone 4445.jpg,
C:\Users\nickk\source\image-rating\heic\2025-09-01 Sedona by iPhone 4446.jpg,
C:\Users\nickk\source\image-rating\heic\2025-09-01 Sedona by iPhone 4447.jpg,
C:\Users\nickk\source\image-rating\heic\2025-09-01 Sedona by iPhone 4448.jpg,
C:\Users\nickk\source\image-rating\heic\2025-09-01 Sedona by iPhone 4449.jpg,
C:\Users\nickk\source\image-rating\heic\2025-09-01 Sedona by iPhone 4450.jpg,
C:\Users\nickk\source\image-rating\heic\2025-09-01 Sedona by iPhone 4451.jpg,
C:\Users\nickk\source\image-rating\heic\2025-09-01 Sedona by iPhone 4452.jpg,
C:\Users\nickk\source\image-rating\heic\2025-09-01 Sedona by iPhone 4453.jpg,
C:\Users\nickk\source\image-rating\heic\2025-09-01 Sedona by iPhone 4454.jpg,
C:\Users\nickk\source\image-rating\heic\2025-09-01 Sedona by iPhone 4455.jpg,People
C:\Users\nickk\source\image-rating\heic\2025-09-01 Sedona by iPhone 4456.jpg,
C:\Users\nickk\source\image-rating\heic\2025-09-01 Sedona by iPhone 4457.jpg,
C:\Users\nickk\source\image-rating\heic\2025-09-01 Sedona by iPhone 4458.jpg,
C:\Users\nickk\source\image-rating\heic\2025-09-01 Sedona by iPhone 4459.jpg,People
C:\Users\nickk\source\image-rating\heic\2025-09-01 Sedona by iPhone 4460.jpg,People
C:\Users\nickk\source\image-rating\heic\2025-09-01 Sedona by iPhone 4461.jpg,People
C:\Users\nickk\source\image-rating\heic\2025-09-01 Sedona by iPhone 4462.jpg,People
C:\Users\nickk\source\image-rating\heic\2025-09-01 Sedona by iPhone 4463.jpg,People
C:\Users\nickk\source\image-rating\heic\2025-09-01 Sedona by iPhone 4464.jpg,People
C:\Users\nickk\source\image-rating\heic\2025-09-01 Sedona by iPhone 4465.jpg,People
C:\Users\nickk\source\image-rating\heic\2025-09-01 Sedona by iPhone 4466.jpg,People
C:\Users\nickk\source\image-rating\heic\2025-09-01 Sedona by iPhone 4467.jpg,People
C:\Users\nickk\source\image-rating\heic\2025-09-01 Sedona by iPhone 4468.jpg,Other|vehicles|car^People
C:\Users\nickk\source\image-rating\heic\2025-09-01 Sedona by iPhone 4469.jpg,Other|vehicles|airplane^People
C:\Users\nickk\source\image-rating\heic\2025-09-01 Sedona by iPhone 4470.jpg,
C:\Users\nickk\source\image-rating\heic\2025-09-01 Sedona by iPhone 4471.jpg,
C:\Users\nickk\source\image-rating\heic\2025-09-01 Sedona by iPhone 4472.jpg,
C:\Users\nickk\source\image-rating\heic\2025-09-01 Sedona by iPhone 4473.jpg,
C:\Users\nickk\source\image-rating\heic\2025-09-01 Sedona by iPhone 4474.jpg,
C:\Users\nickk\source\image-rating\heic\2025-09-01 Sedona by iPhone 4475.jpg,
C:\Users\nickk\source\image-rating\heic\2025-09-01 Sedona by iPhone 4476.jpg,
C:\Users\nickk\source\image-rating\heic\2025-09-01 Sedona by iPhone 4477.jpg,
C:\Users\nickk\source\image-rating\heic\2025-09-01 Sedona by iPhone 4478.jpg,
C:\Users\nickk\source\image-rating\heic\2025-09-01 Sedona by iPhone 4479.jpg,
C:\Users\nickk\source\image-rating\heic\2025-09-01 Sedona by iPhone 4480.jpg,
C:\Users\nickk\source\image-rating\heic\2025-09-01 Sedona by iPhone 4481.jpg,
C:\Users\nickk\source\image-rating\heic\2025-09-01 Sedona by iPhone 4482.jpg,
C:\Users\nickk\source\image-rating\heic\2025-09-01 Sedona by iPhone 4483.jpg,
C:\Users\nickk\source\image-rating\heic\2025-09-01 Sedona by iPhone 4484.jpg,Other|vehicles|train
C:\Users\nickk\source\image-rating\heic\2025-09-01 Sedona by iPhone 4485.jpg,
C:\Users\nickk\source\image-rating\heic\2025-09-01 Sedona by iPhone 4486.jpg,
C:\Users\nickk\source\image-rating\heic\2025-09-01 Sedona by iPhone 4487.jpg,
C:\Users\nickk\source\image-rating\heic\2025-09-01 Sedona by iPhone 4488.jpg,
C:\Users\nickk\source\image-rating\heic\2025-09-01 Sedona by iPhone 4489.jpg,
C:\Users\nickk\source\image-rating\heic\2025-09-01 Sedona by iPhone 4490.jpg,Other|vehicles|truck
C:\Users\nickk\source\image-rating\heic\2025-09-01 Sedona by iPhone 4491.jpg,
C:\Users\nickk\source\image-rating\heic\2025-09-01 Sedona by iPhone 4492.jpg,
C:\Users\nickk\source\image-rating\heic\2025-09-01 Sedona by iPhone 4493.jpg,
C:\Users\nickk\source\image-rating\heic\2025-09-01 Sedona by iPhone 4494.jpg,
C:\Users\nickk\source\image-rating\heic\2025-09-01 Sedona by iPhone 4495.jpg,
C:\Users\nickk\source\image-rating\heic\2025-09-01 Sedona by iPhone 4496.jpg,Other|animals|giraffe
C:\Users\nickk\source\image-rating\heic\2025-09-01 Sedona by iPhone 4497.jpg,
C:\Users\nickk\source\image-rating\heic\2025-09-01 Sedona by iPhone 4498.jpg,
C:\Users\nickk\source\image-rating\heic\2025-09-01 Sedona by iPhone 4499.jpg,
C:\Users\nickk\source\image-rating\heic\2025-09-01 Sedona by iPhone 4500.jpg,
C:\Users\nickk\source\image-rating\heic\2025-09-01 Sedona by iPhone 4501.jpg,
C:\Users\nickk\source\image-rating\heic\2025-09-01 Sedona by iPhone 4502.jpg,
C:\Users\nickk\source\image-rating\heic\2025-09-01 Sedona by iPhone 4503.jpg,
C:\Users\nickk\source\image-rating\heic\2025-09-01 Sedona by iPhone 4504.jpg,
C:\Users\nickk\source\image-rating\heic\2025-09-01 Sedona by iPhone 4505.jpg,
C:\Users\nickk\source\image-rating\heic\2025-09-01 Sedona by iPhone 4506.jpg,
C:\Users\nickk\source\image-rating\heic\2025-09-01 Sedona by iPhone 4507.jpg,Other|animals|giraffe
C:\Users\nickk\source\image-rating\heic\2025-09-01 Sedona by iPhone 4508.jpg,
C:\Users\nickk\source\image-rating\heic\2025-09-01 Sedona by iPhone 4509.jpg,
C:\Users\nickk\source\image-rating\heic\2025-09-01 Sedona by iPhone 4510.jpg,Other|animals|giraffe
C:\Users\nickk\source\image-rating\heic\2025-09-01 Sedona by iPhone 4511.jpg,
C:\Users\nickk\source\image-rating\heic\2025-09-01 Sedona by iPhone 4512.jpg,
C:\Users\nickk\source\image-rating\heic\2025-09-01 Sedona by iPhone 4513.jpg,Other|vehicles|car
C:\Users\nickk\source\image-rating\heic\2025-09-01 Sedona by iPhone 4514.jpg,Other|animals|giraffe
C:\Users\nickk\source\image-rating\heic\2025-09-01 Sedona by iPhone 4515.jpg,Other|vehicles|car^Other|vehicles|truck
C:\Users\nickk\source\image-rating\heic\2025-09-01 Sedona by iPhone 4516.jpg,Other|vehicles|car
C:\Users\nickk\source\image-rating\heic\2025-09-01 Sedona by iPhone 4517.jpg,Other|vehicles|car
C:\Users\nickk\source\image-rating\heic\2025-09-01 Sedona by iPhone 4518.jpg,
C:\Users\nickk\source\image-rating\heic\2025-09-01 Sedona by iPhone 4519.jpg,
C:\Users\nickk\source\image-rating\heic\2025-09-01 Sedona by iPhone 4520.jpg,
C:\Users\nickk\source\image-rating\heic\2025-09-01 Sedona by iPhone 4521.jpg,
C:\Users\nickk\source\image-rating\heic\2025-09-01 Sedona by iPhone 4522.jpg,
C:\Users\nickk\source\image-rating\heic\2025-09-01 Sedona by iPhone 4523.jpg,
C:\Users\nickk\source\image-rating\heic\2025-09-01 Sedona by iPhone 4524.jpg,
C:\Users\nickk\source\image-rating\heic\2025-09-01 Sedona by iPhone 4525.jpg,
C:\Users\nickk\source\image-rating\heic\2025-09-01 Sedona by iPhone 4526.jpg,
C:\Users\nickk\source\image-rating\heic\2025-09-01 Sedona by iPhone 4527.jpg,
C:\Users\nickk\source\image-rating\heic\2025-09-01 Sedona by iPhone 4528.jpg,
C:\Users\nickk\source\image-rating\heic\2025-09-01 Sedona by iPhone 4529.jpg,
C:\Users\nickk\source\image-rating\heic\2025-09-01 Sedona by iPhone 4530.jpg,
C:\Users\nickk\source\image-rating\heic\2025-09-01 Sedona by iPhone 4531.jpg,Other|vehicles|car^People
C:\Users\nickk\source\image-rating\heic\2025-09-01 Sedona by iPhone 4532.jpg,Other|vehicles|car^Other|vehicles|truck^People
C:\Users\nickk\source\image-rating\heic\2025-09-01 Sedona by iPhone 4533.jpg,Other|vehicles|car^Other|vehicles|truck
C:\Users\nickk\source\image-rating\heic\2025-09-01 Sedona by iPhone 4534.jpg,People
C:\Users\nickk\source\image-rating\heic\2025-09-01 Sedona by iPhone 4535.jpg,People
C:\Users\nickk\source\image-rating\heic\2025-09-01 Sedona by iPhone 4536.jpg,People
C:\Users\nickk\source\image-rating\heic\2025-09-01 Sedona by iPhone 4537.jpg,
C:\Users\nickk\source\image-rating\heic\2025-09-01 Sedona by iPhone 4538.jpg,People
C:\Users\nickk\source\image-rating\heic\2025-09-01 Sedona by iPhone 4539.jpg,People
C:\Users\nickk\source\image-rating\heic\2025-09-01 Sedona by iPhone 4540.jpg,
C:\Users\nickk\source\image-rating\heic\2025-09-01 Sedona by iPhone 4541.jpg,
C:\Users\nickk\source\image-rating\heic\2025-09-01 Sedona by iPhone 4542.jpg,
C:\Users\nickk\source\image-rating\heic\2025-09-01 Sedona by iPhone 4543.jpg,
C:\Users\nickk\source\image-rating\heic\2025-09-01 Sedona by iPhone 4544.jpg,
C:\Users\nickk\source\image-rating\heic\2025-09-01 Sedona by iPhone 4545.jpg,
C:\Users\nickk\source\image-rating\heic\2025-09-01 Sedona by iPhone 4546.jpg,
C:\Users\nickk\source\image-rating\heic\2025-09-01 Sedona by iPhone 4547.jpg,
C:\Users\nickk\source\image-rating\heic\2025-09-01 Sedona by iPhone 4548.jpg,
C:\Users\nickk\source\image-rating\heic\2025-09-01 Sedona by iPhone 4549.jpg,
C:\Users\nickk\source\image-rating\heic\2025-09-01 Sedona by iPhone 4550.jpg,
C:\Users\nickk\source\image-rating\heic\2025-09-01 Sedona by iPhone 4551.jpg,
C:\Users\nickk\source\image-rating\heic\2025-09-01 Sedona by iPhone 4552.jpg,
C:\Users\nickk\source\image-rating\heic\2025-09-01 Sedona by iPhone 4553.jpg,
C:\Users\nickk\source\image-rating\heic\2025-09-01 Sedona by iPhone 4554.jpg,
C:\Users\nickk\source\image-rating\heic\2025-09-01 Sedona by iPhone 4555.jpg,
C:\Users\nickk\source\image-rating\heic\2025-09-01 Sedona by iPhone 4556.jpg,
C:\Users\nickk\source\image-rating\heic\2025-09-01 Sedona by iPhone 4557.jpg,
C:\Users\nickk\source\image-rating\heic\2025-09-01 Sedona by iPhone 4558.jpg,
C:\Users\nickk\source\image-rating\heic\2025-09-01 Sedona by iPhone 4559.jpg,
C:\Users\nickk\source\image-rating\heic\2025-09-01 Sedona by iPhone 4560.jpg,
C:\Users\nickk\source\image-rating\heic\2025-09-01 Sedona by iPhone 4561.jpg,
C:\Users\nickk\source\image-rating\heic\2025-09-01 Sedona by iPhone 4562.jpg,
C:\Users\nickk\source\image-rating\heic\2025-09-01 Sedona by iPhone 4563.jpg,
C:\Users\nickk\source\image-rating\heic\2025-09-01 Sedona by iPhone 4564.jpg,Other|animals|bird
C:\Users\nickk\source\image-rating\heic\2025-09-01 Sedona by iPhone 4565.jpg,Other|animals|bird
C:\Users\nickk\source\image-rating\heic\2025-09-01 Sedona by iPhone 4566.jpg,
C:\Users\nickk\source\image-rating\heic\2025-09-01 Sedona by iPhone 4567.jpg,
C:\Users\nickk\source\image-rating\heic\2025-09-01 Sedona by iPhone 4568.jpg,
C:\Users\nickk\source\image-rating\heic\2025-09-01 Sedona by iPhone 4569.jpg,
C:\Users\nickk\source\image-rating\heic\2025-09-01 Sedona by iPhone 4570.jpg,
C:\Users\nickk\source\image-rating\heic\2025-09-01 Sedona by iPhone 4571.jpg,
C:\Users\nickk\source\image-rating\heic\2025-09-01 Sedona by iPhone 4572.jpg,
C:\Users\nickk\source\image-rating\heic\2025-09-01 Sedona by iPhone 4573.jpg,
C:\Users\nickk\source\image-rating\heic\2025-09-01 Sedona by iPhone 4574.jpg,
